{"loop":true,"path":[{"R":[0.9995895624160767,-0.00030458197579719126,-0.01163132581859827,-0.02617514505982399],"T":[0.39621788263320923,0.43503648042678833,2.9187445640563965],"aperture_size":0.0,"fov":50.625,"glow_mode":0,"glow_y_cutoff":0.0,"scale":2.4157652854919434,"slice":-2.384185791015625e-06},{"R":[0.9995896816253662,-0.00030458118999376893,-0.011631300672888756,-0.026175018399953842],"T":[0.3670748472213745,0.47597771883010864,2.0042994022369385],"aperture_size":0.0,"fov":50.625,"glow_mode":0,"glow_y_cutoff":0.0,"scale":1.499999761581421,"slice":-2.384185791015625e-06},{"R":[0.9341064095497131,0.03404104709625244,0.3430672585964203,-0.09268717467784882],"T":[-0.6865278482437134,0.3857184648513794,1.3589190244674683],"aperture_size":0.0,"fov":50.625,"glow_mode":0,"glow_y_cutoff":0.0,"scale":1.126971960067749,"slice":-2.384185791015625e-06},{"R":[0.9932665824890137,-0.004685647320002317,-0.10731851309537888,-0.04336683452129364],"T":[0.6868606805801392,0.4965658187866211,1.9901001453399658],"aperture_size":0.0,"fov":50.625,"glow_mode":0,"glow_y_cutoff":0.0,"scale":1.649999737739563,"slice":-2.384185791015625e-06}],"time":1.0}